区分,都道府県,24年件数,23年件数,増減率
強盗,札幌方面,30,24,6
強盗,函館方面,3,4,-1
強盗,旭川方面,6,4,2
強盗,釧路方面,3,12,-9
強盗,北見方面,0,1,-1
強盗,青森県,3,3,0
強盗,岩手県,9,8,1
強盗,宮城県,26,20,6
強盗,秋田県,2,2,0
強盗,山形県,3,1,2
強盗,福島県,12,6,6
強盗,東京都,276,235,41
強盗,茨城県,32,36,-4
強盗,栃木県,21,14,7
強盗,群馬県,11,16,-5
強盗,埼玉県,103,129,-26
強盗,千葉県,81,80,1
強盗,神奈川県,108,110,-2
強盗,新潟県,8,8,0
強盗,山梨県,6,3,3
強盗,長野県,10,12,-2
強盗,静岡県,34,36,-2
強盗,富山県,4,5,-1
強盗,石川県,5,8,-3
強盗,福井県,4,2,2
強盗,岐阜県,6,10,-4
強盗,愛知県,93,90,3
強盗,三重県,10,15,-5
強盗,滋賀県,8,5,3
強盗,京都府,21,20,1
強盗,大阪府,201,209,-8
強盗,兵庫県,69,65,4
強盗,奈良県,9,8,1
強盗,和歌山県,2,3,-1
強盗,鳥取県,3,5,-2
強盗,島根県,2,2,0
強盗,岡山県,10,20,-10
強盗,広島県,25,12,13
強盗,山口県,8,6,2
強盗,徳島県,2,3,-1
強盗,香川県,6,5,1
強盗,愛媛県,3,4,-1
強盗,高知県,2,3,-1
強盗,福岡県,51,41,10
強盗,佐賀県,3,5,-2
強盗,長崎県,3,2,1
強盗,熊本県,5,4,1
強盗,大分県,3,3,0
強盗,宮崎県,4,6,-2
強盗,鹿児島県,11,18,-7
強盗,沖縄県,10,18,-8
窃盗,札幌方面,10871,10533,338
窃盗,函館方面,1017,904,113
窃盗,旭川方面,1044,1208,-164
窃盗,釧路方面,973,953,20
窃盗,北見方面,342,351,-9
窃盗,青森県,2628,2970,-342
窃盗,岩手県,2257,1968,289
窃盗,宮城県,7096,7679,-583
窃盗,秋田県,1586,1599,-13
窃盗,山形県,1815,1940,-125
窃盗,福島県,6393,5675,718
窃盗,東京都,61940,59888,2052
窃盗,茨城県,16464,14789,1675
窃盗,栃木県,9423,9330,93
窃盗,群馬県,10995,9912,1083
窃盗,埼玉県,37948,36351,1597
窃盗,千葉県,28940,28287,653
窃盗,神奈川県,32643,32132,511
窃盗,新潟県,6252,5779,473
窃盗,山梨県,2638,2494,144
窃盗,長野県,5274,5360,-86
窃盗,静岡県,10625,10145,480
窃盗,富山県,3377,2931,446
窃盗,石川県,3759,3389,370
窃盗,福井県,2126,1975,151
窃盗,岐阜県,7689,7899,-210
窃盗,愛知県,34038,31487,2551
窃盗,三重県,7293,6909,384
窃盗,滋賀県,4890,4868,22
窃盗,京都府,8267,8296,-29
窃盗,大阪府,57993,58305,-312
窃盗,兵庫県,22428,22743,-315
窃盗,奈良県,3737,3700,37
窃盗,和歌山県,2409,2447,-38
窃盗,鳥取県,1524,1451,73
窃盗,島根県,1302,1187,115
窃盗,岡山県,6786,6502,284
窃盗,広島県,9548,9004,544
窃盗,山口県,3128,2627,501
窃盗,徳島県,2115,1817,298
窃盗,香川県,3203,3263,-60
窃盗,愛媛県,4704,4487,217
窃盗,高知県,2437,2327,110
窃盗,福岡県,24964,22100,2864
窃盗,佐賀県,2518,2414,104
窃盗,長崎県,2132,2129,3
窃盗,熊本県,4386,4036,350
窃盗,大分県,2261,1932,329
窃盗,宮崎県,2922,2988,-66
窃盗,鹿児島県,4511,4250,261
窃盗,沖縄県,5896,5985,-89
殺人,札幌方面,26,26,0
殺人,函館方面,3,3,0
殺人,旭川方面,8,4,4
殺人,釧路方面,6,3,3
殺人,北見方面,5,2,3
殺人,青森県,5,8,-3
殺人,岩手県,7,9,-2
殺人,宮城県,17,17,0
殺人,秋田県,5,2,3
殺人,山形県,4,4,0
殺人,福島県,13,3,10
殺人,東京都,96,94,2
殺人,茨城県,23,19,4
殺人,栃木県,11,10,1
殺人,群馬県,16,9,7
殺人,埼玉県,62,67,-5
殺人,千葉県,40,44,-4
殺人,神奈川県,63,65,-2
殺人,新潟県,11,10,1
殺人,山梨県,5,3,2
殺人,長野県,8,11,-3
殺人,静岡県,41,43,-2
殺人,富山県,3,3,0
殺人,石川県,2,6,-4
殺人,福井県,4,6,-2
殺人,岐阜県,7,6,1
殺人,愛知県,58,63,-5
殺人,三重県,10,5,5
殺人,滋賀県,17,7,10
殺人,京都府,9,10,-1
殺人,大阪府,148,137,11
殺人,兵庫県,54,47,7
殺人,奈良県,6,1,5
殺人,和歌山県,8,10,-2
殺人,鳥取県,2,3,-1
殺人,島根県,3,1,2
殺人,岡山県,7,13,-6
殺人,広島県,22,14,8
殺人,山口県,3,4,-1
殺人,徳島県,5,6,-1
殺人,香川県,15,4,11
殺人,愛媛県,8,8,0
殺人,高知県,7,8,-1
殺人,福岡県,34,30,4
殺人,佐賀県,8,9,-1
殺人,長崎県,7,5,2
殺人,熊本県,9,12,-3
殺人,大分県,5,7,-2
殺人,宮崎県,5,7,-2
殺人,鹿児島県,12,12,0
殺人,沖縄県,17,12,5
放火,札幌方面,20,16,4
放火,函館方面,6,3,3
放火,旭川方面,1,5,-4
放火,釧路方面,3,5,-2
放火,北見方面,2,3,-1
放火,青森県,10,9,1
放火,岩手県,10,8,2
放火,宮城県,14,9,5
放火,秋田県,7,4,3
放火,山形県,9,8,1
放火,福島県,10,3,7
放火,東京都,61,44,17
放火,茨城県,18,18,0
放火,栃木県,15,19,-4
放火,群馬県,11,11,0
放火,埼玉県,50,53,-3
放火,千葉県,37,37,0
放火,神奈川県,33,32,1
放火,新潟県,9,14,-5
放火,山梨県,3,11,-8
放火,長野県,6,7,-1
放火,静岡県,15,32,-17
放火,富山県,4,5,-1
放火,石川県,9,3,6
放火,福井県,3,3,0
放火,岐阜県,14,8,6
放火,愛知県,40,49,-9
放火,三重県,2,9,-7
放火,滋賀県,7,10,-3
放火,京都府,17,22,-5
放火,大阪府,135,106,29
放火,兵庫県,38,47,-9
放火,奈良県,4,5,-1
放火,和歌山県,2,2,0
放火,鳥取県,3,1,2
放火,島根県,2,5,-3
放火,岡山県,6,15,-9
放火,広島県,19,15,4
放火,山口県,8,5,3
放火,徳島県,5,2,3
放火,香川県,9,6,3
放火,愛媛県,8,6,2
放火,高知県,5,11,-6
放火,福岡県,24,26,-2
放火,佐賀県,3,4,-1
放火,長崎県,3,2,1
放火,熊本県,4,11,-7
放火,大分県,6,5,1
放火,宮崎県,5,7,-2
放火,鹿児島県,14,14,0
放火,沖縄県,9,11,-2
ひったくり,札幌方面,4,8,-4
ひったくり,函館方面,1,1,0
ひったくり,旭川方面,1,0,1
ひったくり,釧路方面,1,0,1
ひったくり,北見方面,0,0,0
ひったくり,青森県,1,0,1
ひったくり,岩手県,0,0,0
ひったくり,宮城県,5,4,1
ひったくり,秋田県,1,0,1
ひったくり,山形県,0,0,0
ひったくり,福島県,2,1,1
ひったくり,東京都,106,87,19
ひったくり,茨城県,6,4,2
ひったくり,栃木県,2,6,-4
ひったくり,群馬県,4,2,2
ひったくり,埼玉県,50,61,-11
ひったくり,千葉県,51,30,21
ひったくり,神奈川県,30,66,-36
ひったくり,新潟県,3,1,2
ひったくり,山梨県,0,2,-2
ひったくり,長野県,1,4,-3
ひったくり,静岡県,7,3,4
ひったくり,富山県,0,0,0
ひったくり,石川県,1,5,-4
ひったくり,福井県,1,0,1
ひったくり,岐阜県,6,2,4
ひったくり,愛知県,38,21,17
ひったくり,三重県,1,5,-4
ひったくり,滋賀県,4,4,0
ひったくり,京都府,10,17,-7
ひったくり,大阪府,145,114,31
ひったくり,兵庫県,23,25,-2
ひったくり,奈良県,4,4,0
ひったくり,和歌山県,5,3,2
ひったくり,鳥取県,0,1,-1
ひったくり,島根県,0,1,-1
ひったくり,岡山県,2,12,-10
ひったくり,広島県,6,2,4
ひったくり,山口県,2,2,0
ひったくり,徳島県,0,2,-2
ひったくり,香川県,3,2,1
ひったくり,愛媛県,1,4,-3
ひったくり,高知県,0,2,-2
ひったくり,福岡県,23,24,-1
ひったくり,佐賀県,2,1,1
ひったくり,長崎県,0,1,-1
ひったくり,熊本県,3,3,0
ひったくり,大分県,2,4,-2
ひったくり,宮崎県,0,1,-1
ひったくり,鹿児島県,2,1,1
ひったくり,沖縄県,7,8,-1
すり,札幌方面,15,12,3
すり,函館方面,0,1,-1
すり,旭川方面,0,0,0
すり,釧路方面,0,1,-1
すり,北見方面,0,0,0
すり,青森県,1,0,1
すり,岩手県,0,2,-2
すり,宮城県,5,3,2
すり,秋田県,1,1,0
すり,山形県,2,0,2
すり,福島県,7,4,3
すり,東京都,589,510,79
すり,茨城県,11,7,4
すり,栃木県,0,1,-1
すり,群馬県,13,3,10
すり,埼玉県,54,53,1
すり,千葉県,36,39,-3
すり,神奈川県,56,81,-25
すり,新潟県,7,3,4
すり,山梨県,1,1,0
すり,長野県,3,6,-3
すり,静岡県,17,10,7
すり,富山県,8,6,2
すり,石川県,30,27,3
すり,福井県,4,0,4
すり,岐阜県,8,10,-2
すり,愛知県,63,49,14
すり,三重県,3,3,0
すり,滋賀県,6,8,-2
すり,京都府,16,22,-6
すり,大阪府,296,345,-49
すり,兵庫県,31,59,-28
すり,奈良県,4,1,3
すり,和歌山県,4,2,2
すり,鳥取県,0,0,0
すり,島根県,0,1,-1
すり,岡山県,3,3,0
すり,広島県,20,7,13
すり,山口県,5,10,-5
すり,徳島県,0,1,-1
すり,香川県,2,4,-2
すり,愛媛県,5,4,1
すり,高知県,9,4,5
すり,福岡県,57,87,-30
すり,佐賀県,1,2,-1
すり,長崎県,0,1,-1
すり,熊本県,10,14,-4
すり,大分県,5,4,1
すり,宮崎県,0,1,-1
すり,鹿児島県,9,6,3
すり,沖縄県,18,24,-6
自転車盗,札幌方面,61,57,4
自転車盗,函館方面,3,5,-2
自転車盗,旭川方面,6,10,-4
自転車盗,釧路方面,19,10,9
自転車盗,北見方面,4,2,2
自転車盗,青森県,17,15,2
自転車盗,岩手県,15,11,4
自転車盗,宮城県,32,125,-93
自転車盗,秋田県,5,7,-2
自転車盗,山形県,5,12,-7
自転車盗,福島県,104,111,-7
自転車盗,東京都,223,190,33
自転車盗,茨城県,567,615,-48
自転車盗,栃木県,318,245,73
自転車盗,群馬県,274,191,83
自転車盗,埼玉県,781,683,98
自転車盗,千葉県,706,746,-40
自転車盗,神奈川県,536,461,75
自転車盗,新潟県,34,33,1
自転車盗,山梨県,48,31,17
自転車盗,長野県,58,65,-7
自転車盗,静岡県,79,58,21
自転車盗,富山県,16,17,-1
自転車盗,石川県,11,13,-2
自転車盗,福井県,4,7,-3
自転車盗,岐阜県,127,109,18
自転車盗,愛知県,866,698,168
自転車盗,三重県,76,113,-37
自転車盗,滋賀県,56,39,17
自転車盗,京都府,50,51,-1
自転車盗,大阪府,417,447,-30
自転車盗,兵庫県,150,124,26
自転車盗,奈良県,36,45,-9
自転車盗,和歌山県,9,22,-13
自転車盗,鳥取県,7,9,-2
自転車盗,島根県,3,3,0
自転車盗,岡山県,51,46,5
自転車盗,広島県,18,39,-21
自転車盗,山口県,18,12,6
自転車盗,徳島県,9,17,-8
自転車盗,香川県,7,15,-8
自転車盗,愛媛県,18,21,-3
自転車盗,高知県,11,7,4
自転車盗,福岡県,63,90,-27
自転車盗,佐賀県,20,11,9
自転車盗,長崎県,8,10,-2
自転車盗,熊本県,20,16,4
自転車盗,大分県,10,11,-1
自転車盗,宮崎県,9,10,-1
自転車盗,鹿児島県,37,18,19
自転車盗,沖縄県,58,59,-1
侵入盗,札幌方面,547,625,-78
侵入盗,函館方面,100,103,-3
侵入盗,旭川方面,117,182,-65
侵入盗,釧路方面,95,63,32
侵入盗,北見方面,40,51,-11
侵入盗,青森県,307,531,-224
侵入盗,岩手県,342,207,135
侵入盗,宮城県,782,1044,-262
侵入盗,秋田県,189,194,-5
侵入盗,山形県,240,147,93
侵入盗,福島県,947,824,123
侵入盗,東京都,2258,2147,111
侵入盗,茨城県,2374,2586,-212
侵入盗,栃木県,1481,1799,-318
侵入盗,群馬県,2467,1886,581
侵入盗,埼玉県,3960,4212,-252
侵入盗,千葉県,3042,3198,-156
侵入盗,神奈川県,2518,3106,-588
侵入盗,新潟県,935,843,92
侵入盗,山梨県,301,323,-22
侵入盗,長野県,883,848,35
侵入盗,静岡県,1277,878,399
侵入盗,富山県,325,309,16
侵入盗,石川県,490,443,47
侵入盗,福井県,327,271,56
侵入盗,岐阜県,1136,1330,-194
侵入盗,愛知県,2680,2981,-301
侵入盗,三重県,1211,1208,3
侵入盗,滋賀県,471,426,45
侵入盗,京都府,384,394,-10
侵入盗,大阪府,1497,1590,-93
侵入盗,兵庫県,1531,1446,85
侵入盗,奈良県,294,356,-62
侵入盗,和歌山県,234,215,19
侵入盗,鳥取県,90,122,-32
侵入盗,島根県,188,219,-31
侵入盗,岡山県,533,580,-47
侵入盗,広島県,581,561,20
侵入盗,山口県,238,230,8
侵入盗,徳島県,219,217,2
侵入盗,香川県,308,294,14
侵入盗,愛媛県,382,419,-37
侵入盗,高知県,359,357,2
侵入盗,福岡県,2117,2175,-58
侵入盗,佐賀県,345,261,84
侵入盗,長崎県,178,231,-53
侵入盗,熊本県,326,268,58
侵入盗,大分県,272,222,50
侵入盗,宮崎県,255,321,-66
侵入盗,鹿児島県,465,505,-40
侵入盗,沖縄県,398,480,-82
